key,english,current_arabic,screen,how_often,reviewed_arabic
ops.gate.ipNotAllowed,The ops console is not open from this network. Use the office network or ask an admin to add it.,لوحة العمليات مش متاحة من الشبكة دي. استخدم شبكة المكتب أو اطلب من المسؤول إضافتها.,Ops console: access,,
ops.gate.noPermission,Your account cannot open this section.,حسابك مايقدرش يفتح القسم ده.,Ops console: access,,
ops.gate.notOps,This number is not a Link ops account.,الرقم ده مش حساب عمليات في لينك.,Ops console: access,,
ops.dataRequests.complete,Mark done,اتنفّذ,Ops console: data requests,,
ops.dataRequests.empty,No requests.,مافيش طلبات.,Ops console: data requests,,
ops.dataRequests.export,Download the data (JSON),نزّل البيانات (JSON),Ops console: data requests,,
ops.dataRequests.filter,Show,عرض,Ops console: data requests,,
ops.dataRequests.howTo,"Deletion: anonymise the person’s name, phone and children; keep payments and the activity log with names removed. Write what you did before you complete it.",المسح: شيل اسم الشخص ورقمه وبيانات أولاده، وسيب المدفوعات وسجل النشاط من غير أسماء. اكتب اللي عملته قبل ما تقفل الطلب.,Ops console: data requests,,
ops.dataRequests.kind.access,Copy of my data,نسخة من بياناتي,Ops console: data requests,,
ops.dataRequests.kind.correction,Correct my data,تصحيح بياناتي,Ops console: data requests,,
ops.dataRequests.kind.deletion,Delete my data,مسح بياناتي,Ops console: data requests,,
ops.dataRequests.lead,"People asking for a copy of their data, a correction or deletion. Reply within 30 days.",ناس بتطلب نسخة من بياناتها أو تصحيحها أو مسحها. الرد خلال ٣٠ يوم.,Ops console: data requests,,
ops.dataRequests.outcome,What was done,اللي اتعمل,Ops console: data requests,,
ops.dataRequests.reject,Refuse,ارفض,Ops console: data requests,,
ops.dataRequests.role.centre_owner,Centre owner,صاحب مركز,Ops console: data requests,,
ops.dataRequests.role.centre_staff,Centre staff,موظف مركز,Ops console: data requests,,
ops.dataRequests.role.link_ops,Link ops,عمليات لينك,Ops console: data requests,,
ops.dataRequests.role.parent,Parent,ولي أمر,Ops console: data requests,,
ops.dataRequests.role.teacher,Teacher,مدرس,Ops console: data requests,,
ops.dataRequests.status.completed,Done,اتنفّذ,Ops console: data requests,,
ops.dataRequests.status.open,Open,مفتوح,Ops console: data requests,,
ops.dataRequests.status.rejected,Refused,اترفض,Ops console: data requests,,
ops.dataRequests.title,Data requests,طلبات البيانات,Ops console: data requests,,
ops.dataRequests.whatWasDone,"What was exported, corrected or anonymised",إيه اللي اتصدّر أو اتصحّح أو اتشال منه الاسم,Ops console: data requests,,
ops.centres.approve,Approve and publish,وافق وانشر,Ops console: L01 centre requests,,
ops.centres.approveLocked,"{n, plural, one {# check left} other {# checks left}} of {total}","{n, plural, zero {متبقي # خطوات} one {متبقي خطوة واحدة} two {متبقي خطوتين} few {متبقي # خطوات} many {متبقي # خطوة} other {متبقي # خطوة}} من {total}",Ops console: L01 centre requests,,
ops.centres.approvePin,Confirm the new pin,أكّد الموقع الجديد,Ops console: L01 centre requests,,
ops.centres.callTarget,Call:,المكالمة:,Ops console: L01 centre requests,,
ops.centres.empty,No centres at this stage.,مافيش مراكز في المرحلة دي.,Ops console: L01 centre requests,,
ops.centres.halls,"{n, plural, =0 {no halls yet} one {# hall} other {# halls}}","{n, plural, =0 {لسه مافيش قاعات} zero {# قاعة} one {قاعة واحدة} two {قاعتين} few {# قاعات} many {# قاعة} other {# قاعة}}",Ops console: L01 centre requests,,
ops.centres.joined,Joined {when},انضم {when},Ops console: L01 centre requests,,
ops.centres.lead,Call new centres within 2 working days. Approve only when every check is done.,كلّم المراكز الجديدة خلال يومين عمل. وافق بس لما كل خطوات التحقق تخلص.,Ops console: L01 centre requests,,
ops.centres.owner,Owner: {name},صاحب المركز: {name},Ops console: L01 centre requests,,
ops.centres.pinUnderReview,Moved pin to check,موقع اتغيّر ومحتاج مراجعة,Ops console: L01 centre requests,,
ops.centres.reject,Reject,ارفض,Ops console: L01 centre requests,,
ops.centres.revoke,Revoke verification,الغِ التوثيق,Ops console: L01 centre requests,,
ops.centres.stage.call_scheduled,Call scheduled,المكالمة متحددة,Ops console: L01 centre requests,,
ops.centres.stage.live,Live,منشور,Ops console: L01 centre requests,,
ops.centres.stage.new,New,جديد,Ops console: L01 centre requests,,
ops.centres.stage.rejected,Rejected,مرفوض,Ops console: L01 centre requests,,
ops.centres.stage.revoked,Revoked,اتلغى توثيقه,Ops console: L01 centre requests,,
ops.centres.stage.visit_booked,Visit booked,الزيارة متحددة,Ops console: L01 centre requests,,
ops.centres.stageLabel,Stage,المرحلة,Ops console: L01 centre requests,,
ops.centres.title,Centre requests,طلبات المراكز,Ops console: L01 centre requests,,
ops.leads.contacted,Mark contacted,تم التواصل,Ops console: L01 website leads,,
ops.leads.discard,Discard,استبعاد,Ops console: L01 website leads,,
ops.leads.status.contacted,Contacted,تم التواصل,Ops console: L01 website leads,,
ops.leads.status.converted,Joined,انضم,Ops console: L01 website leads,,
ops.leads.status.discarded,Discarded,مستبعد,Ops console: L01 website leads,,
ops.leads.status.new,New,جديد,Ops console: L01 website leads,,
ops.leads.teachers,"{n, plural, one {# teacher} other {# teachers}}","{n, plural, zero {# مدرس} one {مدرس واحد} two {مدرسين} few {# مدرسين} many {# مدرسًا} other {# مدرس}}",Ops console: L01 website leads,,
ops.leads.title,Leads from the website,طلبات من الموقع,Ops console: L01 website leads,,
ops.reviews.editNote,What should the parent change?,ولي الأمر يغيّر إيه؟,Ops console: L02 reviews,,
ops.reviews.empty,No reviews waiting.,مافيش تقييمات مستنية.,Ops console: L02 reviews,,
ops.reviews.flags.contact_details,Contains a phone number or contact,فيه رقم تليفون أو وسيلة تواصل,Ops console: L02 reviews,,
ops.reviews.flags.personal_attack,Possible personal attack,ممكن يكون هجوم شخصي,Ops console: L02 reviews,,
ops.reviews.flags.possible_fake,Possibly fake,ممكن يكون مزيّف,Ops console: L02 reviews,,
ops.reviews.hide,Hide,إخفاء,Ops console: L02 reviews,,
ops.reviews.lead,Held and reported reviews. Decide each within 48 hours.,التقييمات المعلّقة واللي اتبلّغ عنها. قرّر في كل واحد خلال ٤٨ ساعة.,Ops console: L02 reviews,,
ops.reviews.publish,Publish as is,انشره زي ما هو,Ops console: L02 reviews,,
ops.reviews.reported,Reported {when},اتبلّغ عنه {when},Ops console: L02 reviews,,
ops.reviews.requestEdit,Ask the parent to edit,اطلب من ولي الأمر يعدّل,Ops console: L02 reviews,,
ops.reviews.rule,Criticism of teaching is allowed. Insults and phone numbers are not.,نقد طريقة التدريس مسموح. الشتيمة وأرقام التليفون ممنوعة.,Ops console: L02 reviews,,
ops.reviews.stars,"{n, plural, one {# star} other {# stars}}","{n, plural, zero {# نجمة} one {نجمة واحدة} two {نجمتين} few {# نجوم} many {# نجمة} other {# نجمة}}",Ops console: L02 reviews,,
ops.reviews.status.held,Held,معلّق,Ops console: L02 reviews,,
ops.reviews.status.hidden,Hidden,مخفي,Ops console: L02 reviews,,
ops.reviews.status.needs_edit,Waiting for the parent’s edit,مستني تعديل ولي الأمر,Ops console: L02 reviews,,
ops.reviews.status.pending_checks,Being checked,تحت الفحص,Ops console: L02 reviews,,
ops.reviews.status.published,"Published, reported",منشور وعليه بلاغ,Ops console: L02 reviews,,
ops.reviews.title,Review moderation,مراجعة التقييمات,Ops console: L02 reviews,,
ops.reviews.visibility.private,Private feedback,ملاحظة خاصة,Ops console: L02 reviews,,
ops.reviews.visibility.public,Public,عام,Ops console: L02 reviews,,
ops.refunds.all,All,الكل,Ops console: L03 refunds,,
ops.refunds.approve,Approve refund,وافق على الاسترداد,Ops console: L03 refunds,,
ops.refunds.approveExplain,Approving returns the payment to the parent and takes back Link’s commission. It cannot be undone.,الموافقة بترجّع الدفعة لولي الأمر وبتسترجع عمولة لينك. ماينفعش ترجع فيها.,Ops console: L03 refunds,,
ops.refunds.autoEligible,Within the policy,ضمن السياسة,Ops console: L03 refunds,,
ops.refunds.commission,Link commission reversed,عمولة لينك المسترجعة,Ops console: L03 refunds,,
ops.refunds.decided,Decided,تاريخ القرار,Ops console: L03 refunds,,
ops.refunds.deny,Deny,ارفض,Ops console: L03 refunds,,
ops.refunds.denyReason,Reason the parent will see,السبب اللي هيشوفه ولي الأمر,Ops console: L03 refunds,,
ops.refunds.empty,No refund requests.,مافيش طلبات استرداد.,Ops console: L03 refunds,,
ops.refunds.enrolment,Place,الحجز,Ops console: L03 refunds,,
ops.refunds.enrolmentStatus.awaiting_teacher,Waiting for the teacher,مستني المدرس,Ops console: L03 refunds,,
ops.refunds.enrolmentStatus.cancelled,Cancelled,ملغي,Ops console: L03 refunds,,
ops.refunds.enrolmentStatus.confirmed,Confirmed,مؤكد,Ops console: L03 refunds,,
ops.refunds.enrolmentStatus.declined,Declined,مرفوض,Ops console: L03 refunds,,
ops.refunds.enrolmentStatus.ended,Ended,انتهى,Ops console: L03 refunds,,
ops.refunds.enrolmentStatus.expired,Expired,انتهت مهلته,Ops console: L03 refunds,,
ops.refunds.enrolmentStatus.past_due,Payment late,الدفع متأخر,Ops console: L03 refunds,,
ops.refunds.enrolmentStatus.pending_payment,Waiting for payment,مستني الدفع,Ops console: L03 refunds,,
ops.refunds.filter,Show,عرض,Ops console: L03 refunds,,
ops.refunds.firstSession,First session,أول حصة,Ops console: L03 refunds,,
ops.refunds.lead,Parents’ refund requests. The money returns only after you approve.,طلبات استرداد أولياء الأمور. الفلوس بترجع بس بعد موافقتك.,Ops console: L03 refunds,,
ops.refunds.paid,Paid,المدفوع,Ops console: L03 refunds,,
ops.refunds.parentReason,Parent’s reason,سبب ولي الأمر,Ops console: L03 refunds,,
ops.refunds.policies.before_first_session,Cancelled before the first session,إلغاء قبل أول حصة,Ops console: L03 refunds,,
ops.refunds.policies.chargeback,Chargeback,اعتراض على الدفع,Ops console: L03 refunds,,
ops.refunds.policies.dispute,Dispute,نزاع,Ops console: L03 refunds,,
ops.refunds.policies.group_cancelled,Group cancelled,المجموعة اتلغت,Ops console: L03 refunds,,
ops.refunds.policies.late_payment_no_seat,"Paid late, no seat left",دفع متأخر ومافيش مكان,Ops console: L03 refunds,,
ops.refunds.policies.teacher_declined,Teacher declined,المدرس رفض,Ops console: L03 refunds,,
ops.refunds.policy,Policy,السياسة,Ops console: L03 refunds,,
ops.refunds.requested,Requested,تاريخ الطلب,Ops console: L03 refunds,,
ops.refunds.status.approved,Approved,اتوافق عليه,Ops console: L03 refunds,,
ops.refunds.status.failed,Refund failed,الاسترداد فشل,Ops console: L03 refunds,,
ops.refunds.status.processing,Being sent,جاري التحويل,Ops console: L03 refunds,,
ops.refunds.status.rejected,Not approved,اترفض,Ops console: L03 refunds,,
ops.refunds.status.requested,Waiting for a decision,مستني قرار,Ops console: L03 refunds,,
ops.refunds.status.succeeded,Refund sent,الاسترداد اتبعت,Ops console: L03 refunds,,
ops.refunds.title,Refunds,الاستردادات,Ops console: L03 refunds,,
ops.nav.centres,Centre requests,طلبات المراكز,Ops console: navigation,,
ops.nav.dataRequests,Data requests,طلبات البيانات,Ops console: navigation,,
ops.nav.label,Ops navigation,قائمة فريق لينك,Ops console: navigation,,
ops.nav.payouts,Payouts,التحويلات,Ops console: navigation,,
ops.nav.refunds,Refunds,الاستردادات,Ops console: navigation,,
ops.nav.reviews,Review moderation,مراجعة التقييمات,Ops console: navigation,,
ops.nav.teachers,Teacher checks,توثيق المدرسين,Ops console: navigation,,
ops.payouts.accountsEmpty,No accounts waiting.,مافيش حسابات مستنية.,Ops console: payouts,,
ops.payouts.accountsTitle,Payout accounts to check,حسابات تحويل محتاجة مراجعة,Ops console: payouts,,
ops.payouts.attempts,attempt {n},محاولة {n},Ops console: payouts,,
ops.payouts.batchesEmpty,No batch yet.,لسه مافيش دفعات.,Ops console: payouts,,
ops.payouts.batchesTitle,Weekly batches,دفعات الأسبوع,Ops console: payouts,,
ops.payouts.batchLine,"{n, plural, one {# payout} other {# payouts}} · open {open} · sent {settled} · bounced {failed} · {total}","{n, plural, zero {# تحويل} one {تحويل واحد} two {تحويلين} few {# تحويلات} many {# تحويلًا} other {# تحويل}} · مفتوح {open} · اتبعت {settled} · رجع {failed} · {total}",Ops console: payouts,,
ops.payouts.batchStatus.closed,Done,خلصت,Ops console: payouts,,
ops.payouts.batchStatus.exported,Downloaded,اتنزّلت,Ops console: payouts,,
ops.payouts.batchStatus.open,Open,مفتوحة,Ops console: payouts,,
ops.payouts.empty,Nothing here.,مافيش حاجة هنا.,Ops console: payouts,,
ops.payouts.exportCsv,Download CSV,نزّل CSV,Ops console: payouts,,
ops.payouts.fail,Mark bounced,علّم إنه رجع,Ops console: payouts,,
ops.payouts.failReason,What the bank said,البنك قال إيه,Ops console: payouts,,
ops.payouts.filter,Show,عرض,Ops console: payouts,,
ops.payouts.holder,Holder: {name},صاحب الحساب: {name},Ops console: payouts,,
ops.payouts.kind.bank,Bank (IBAN),بنك (IBAN),Ops console: payouts,,
ops.payouts.kind.wallet,Wallet / InstaPay,محفظة / إنستاباي,Ops console: payouts,,
ops.payouts.lead,"Every Thursday: download the batch, make the transfers, then mark each one sent or bounced.",كل خميس: نزّل الدفعة، اعمل التحويلات، وبعدين علّم كل تحويل اتبعت أو رجع.,Ops console: payouts,,
ops.payouts.listTitle,Payouts,التحويلات,Ops console: payouts,,
ops.payouts.payee.centre,Centre,مركز,Ops console: payouts,,
ops.payouts.payee.teacher,Teacher,مدرس,Ops console: payouts,,
ops.payouts.ran,"{n, plural, =0 {Nothing new to pay} one {# payout added} other {# payouts added}} · {total}","{n, plural, =0 {مافيش جديد للتحويل} zero {اتضاف # تحويل} one {اتضاف تحويل واحد} two {اتضاف تحويلين} few {اتضاف # تحويلات} many {اتضاف # تحويلًا} other {اتضاف # تحويل}} · {total}",Ops console: payouts,,
ops.payouts.reference,Bank or InstaPay reference,مرجع البنك أو إنستاباي,Ops console: payouts,,
ops.payouts.rejectAccount,Reject,ارفض,Ops console: payouts,,
ops.payouts.retry,Retry this payout,أعد التحويل ده,Ops console: payouts,,
ops.payouts.run,Make this week's batch,جهّز دفعة الأسبوع ده,Ops console: payouts,,
ops.payouts.settle,Mark sent,علّم إنه اتبعت,Ops console: payouts,,
ops.payouts.status.failed,Bounced,رجع,Ops console: payouts,,
ops.payouts.status.initiated,To send,للتحويل,Ops console: payouts,,
ops.payouts.status.settled,Sent,اتبعت,Ops console: payouts,,
ops.payouts.title,Payouts,التحويلات,Ops console: payouts,,
ops.payouts.verifyAccount,Verify account,وثّق الحساب,Ops console: payouts,,
ops.payouts.verifyHow,"Check that the account holder is the teacher or the centre (a small test transfer, or the bank letter), then verify.",اتأكد إن صاحب الحساب هو المدرس أو المركز (تحويل تجريبي صغير، أو خطاب البنك)، وبعدين وثّق.,Ops console: payouts,,
ops.payouts.week,Week of {date},أسبوع {date},Ops console: payouts,,
ops.common.reason,Reason (kept in the activity log),السبب (بيتسجّل في سجل النشاط),Ops console: shared,,
ops.due.inDays,"{n, plural, one {Due in # day} other {Due in # days}}","{n, plural, zero {مطلوب خلال # يوم} one {مطلوب خلال يوم} two {مطلوب خلال يومين} few {مطلوب خلال # أيام} many {مطلوب خلال # يومًا} other {مطلوب خلال # يوم}}",Ops console: shared,,
ops.due.inHours,"{n, plural, one {Due in # hour} other {Due in # hours}}","{n, plural, zero {مطلوب خلال # ساعة} one {مطلوب خلال ساعة} two {مطلوب خلال ساعتين} few {مطلوب خلال # ساعات} many {مطلوب خلال # ساعة} other {مطلوب خلال # ساعة}}",Ops console: shared,,
ops.due.overdueDays,"{n, plural, one {Late by # day} other {Late by # days}}","{n, plural, zero {متأخر # يوم} one {متأخر يوم} two {متأخر يومين} few {متأخر # أيام} many {متأخر # يومًا} other {متأخر # يوم}}",Ops console: shared,,
ops.due.overdueHours,"{n, plural, one {Late by # hour} other {Late by # hours}}","{n, plural, zero {متأخر # ساعة} one {متأخر ساعة} two {متأخر ساعتين} few {متأخر # ساعات} many {متأخر # ساعة} other {متأخر # ساعة}}",Ops console: shared,,
ops.errors.accountNotVerified,The payee has no verified payout account yet.,المستفيد لسه ماعندوش حساب تحويل موثّق.,Ops console: shared,,
ops.errors.alreadyDecided,Someone already decided this. The list is updated.,حد تاني اتخذ القرار ده خلاص. القائمة اتحدّثت.,Ops console: shared,,
ops.errors.checksIncomplete,Finish every check first.,لازم تخلّص كل خطوات التحقق الأول.,Ops console: shared,,
ops.errors.insufficientBalance,The available balance no longer covers this payout.,الرصيد المتاح مابقاش يكفي التحويل ده.,Ops console: shared,,
ops.errors.nothingToRefund,Nothing is left to refund on this payment.,مافيش مبلغ متبقي للاسترداد من الدفعة دي.,Ops console: shared,,
ops.errors.notVerified,Only a verified profile can be revoked.,ماينفعش تلغي توثيق غير لملف متوثّق.,Ops console: shared,,
ops.errors.reasonRequired,Write a reason first.,اكتب السبب الأول.,Ops console: shared,,
ops.history.empty,Nothing logged yet.,مافيش حاجة متسجّلة لسه.,Ops console: shared,,
ops.history.system,Link (automatic),لينك (تلقائي),Ops console: shared,,
ops.history.title,Activity log,سجل النشاط,Ops console: shared,,
ops.notes.add,Add note,أضف ملاحظة,Ops console: shared,,
ops.notes.placeholder,What happened on the call or the visit?,إيه اللي حصل في المكالمة أو الزيارة؟,Ops console: shared,,
ops.notes.title,Internal notes (ops only),ملاحظات داخلية (للعمليات فقط),Ops console: shared,,
ops.shell.signOut,Sign out,تسجيل الخروج,Ops console: shared,,
ops.signIn.lead,For Link staff only. Sign in with the phone number on your ops account.,لفريق لينك فقط. ادخل برقم الموبايل المسجّل على حساب العمليات.,Ops console: sign in,,
ops.signIn.sendCode,Send code,ابعت الكود,Ops console: sign in,,
ops.signIn.signIn,Sign in,دخول,Ops console: sign in,,
ops.signIn.title,Link ops,عمليات لينك,Ops console: sign in,,
ops.teachers.empty,No teachers here.,مافيش مدرسين هنا.,Ops console: teacher checks,,
ops.teachers.filter,Status,الحالة,Ops console: teacher checks,,
ops.teachers.groups,"{n, plural, =0 {no groups} one {# group} other {# groups}}","{n, plural, =0 {مافيش مجموعات} zero {# مجموعة} one {مجموعة واحدة} two {مجموعتين} few {# مجموعات} many {# مجموعة} other {# مجموعة}}",Ops console: teacher checks,,
ops.teachers.lead,"A teacher needs a verified ID before their profile is public, before accepting students and before any payout.",المدرس محتاج بطاقة موثّقة قبل ما صفحته تظهر، وقبل ما يقبل طلاب، وقبل أي تحويل فلوس.,Ops console: teacher checks,,
ops.teachers.manualNote,Manual check for now: compare the ID photo with the person on a video call. Automatic ID checks come with the eKYC provider.,التحقق يدوي حاليًا: قارن صورة البطاقة بالشخص في مكالمة فيديو. التحقق الآلي هييجي مع مزوّد التحقق من الهوية.,Ops console: teacher checks,,
ops.teachers.reject,Reject ID,ارفض البطاقة,Ops console: teacher checks,,
ops.teachers.revoke,Revoke verification,الغِ التوثيق,Ops console: teacher checks,,
ops.teachers.status.pending,To check,محتاج تحقق,Ops console: teacher checks,,
ops.teachers.status.rejected,Rejected,مرفوض,Ops console: teacher checks,,
ops.teachers.status.revoked,Revoked,اتلغى توثيقه,Ops console: teacher checks,,
ops.teachers.status.verified,Verified,موثّق,Ops console: teacher checks,,
ops.teachers.title,Teacher checks,توثيق المدرسين,Ops console: teacher checks,,
ops.teachers.verification.not_started,ID not sent,البطاقة لسه ماتبعتتش,Ops console: teacher checks,,
ops.teachers.verification.pending,ID to check,البطاقة محتاجة تحقق,Ops console: teacher checks,,
ops.teachers.verification.rejected,ID rejected,البطاقة مرفوضة,Ops console: teacher checks,,
ops.teachers.verification.revoked,Verification revoked,اتلغى التوثيق,Ops console: teacher checks,,
ops.teachers.verification.verified,ID verified,البطاقة موثّقة,Ops console: teacher checks,,
ops.teachers.verify,Verify ID,وثّق البطاقة,Ops console: teacher checks,,
ops.checks.address_pin_match,Address matches the map pin,العنوان مطابق للموقع على الخريطة,Ops console: verification checks,,
ops.checks.by,{name} · {when},{name} · {when},Ops console: verification checks,,
ops.checks.degree,Degree (badge),المؤهل (شارة),Ops console: verification checks,,
ops.checks.ekyc_id,National ID,بطاقة الرقم القومي,Ops console: verification checks,,
ops.checks.markDone,Done,تم,Ops console: verification checks,,
ops.checks.markFailed,Failed,لم ينجح,Ops console: verification checks,,
ops.checks.owner_call,Phone call with the owner,مكالمة مع صاحب المركز,Ops console: verification checks,,
ops.checks.owner_id,Owner ID checked,التحقق من بطاقة صاحب المركز,Ops console: verification checks,,
ops.checks.owner_profile_approval,Owner approved the profile,صاحب المركز وافق على الصفحة,Ops console: verification checks,,
ops.checks.reference,References (badge),التزكيات (شارة),Ops console: verification checks,,
ops.checks.site_visit_or_video,Site visit or video call,زيارة للمكان أو مكالمة فيديو,Ops console: verification checks,,
ops.checks.status.done,Done,تم,Ops console: verification checks,,
ops.checks.status.failed,Failed,لم ينجح,Ops console: verification checks,,
ops.checks.status.pending,To do,مطلوب,Ops console: verification checks,,
ops.checks.status.waived,Waived,مُعفى,Ops console: verification checks,,
ops.checks.undo,Undo,تراجع,Ops console: verification checks,,
parent.account.data.alreadyOpen,You already have an open request of this kind.,عندك طلب مفتوح من النوع ده بالفعل.,"Parent app: Account (home area, My data)",,
parent.account.data.ask.access,Ask for a copy of my data,اطلب نسخة من بياناتي,"Parent app: Account (home area, My data)",,
parent.account.data.ask.correction,Ask to correct my data,اطلب تصحيح بياناتي,"Parent app: Account (home area, My data)",,
parent.account.data.ask.deletion,Ask to delete my account,اطلب مسح حسابي,"Parent app: Account (home area, My data)",,
parent.account.data.deletionNote,"Your name, phone and your children’s details are removed. Payment records stay, without your name, because the law requires them.",اسمك ورقمك وبيانات أولادك هيتمسحوا. سجلات الدفع بتفضل من غير اسمك لأن القانون بيطلبها.,"Parent app: Account (home area, My data)",,
parent.account.data.details,Anything Link should know (optional),أي حاجة لينك محتاجة تعرفها (اختياري),"Parent app: Account (home area, My data)",,
parent.account.data.kind.access,A copy of my data,نسخة من بياناتي,"Parent app: Account (home area, My data)",,
parent.account.data.kind.correction,Correct my data,تصحيح بياناتي,"Parent app: Account (home area, My data)",,
parent.account.data.kind.deletion,Delete my account,مسح حسابي,"Parent app: Account (home area, My data)",,
parent.account.data.lead,"You can ask Link for a copy of your data, to correct it, or to delete your account. Link answers within 30 days.",تقدر تطلب من لينك نسخة من بياناتك، أو تصحيحها، أو مسح حسابك. لينك بترد خلال ٣٠ يوم.,"Parent app: Account (home area, My data)",,
parent.account.data.send,Send request,ابعت الطلب,"Parent app: Account (home area, My data)",,
parent.account.data.status.completed,Done,اتنفّذ,"Parent app: Account (home area, My data)",,
parent.account.data.status.open,Received,وصل,"Parent app: Account (home area, My data)",,
parent.account.data.status.rejected,Not done,ماتنفّذش,"Parent app: Account (home area, My data)",,
parent.account.data.title,My data,بياناتي,"Parent app: Account (home area, My data)",,
parent.account.data.yours,Your requests,طلباتك,"Parent app: Account (home area, My data)",,
parent.account.homeArea.label,Area,المنطقة,"Parent app: Account (home area, My data)",,
parent.account.homeArea.lead,Search shows distances from here when you do not share your location.,البحث بيحسب المسافات من هنا لما ماتشاركش موقعك.,"Parent app: Account (home area, My data)",,
parent.account.homeArea.none,Not set,مش محددة,"Parent app: Account (home area, My data)",,
parent.account.homeArea.save,Save area,احفظ المنطقة,"Parent app: Account (home area, My data)",,
parent.account.homeArea.saved,Saved.,اتحفظت.,"Parent app: Account (home area, My data)",,
parent.account.homeArea.title,Home area,منطقة السكن,"Parent app: Account (home area, My data)",,
parent.account.metaTitle,Account,حسابي,"Parent app: Account (home area, My data)",,
parent.account.signOut,Sign out,تسجيل الخروج,"Parent app: Account (home area, My data)",,
parent.reserve.bookingsSoon,You can see the groups and their times now. Paying and reserving a place through Link starts soon.,تقدر تشوف المجموعات ومواعيدها دلوقتي. الدفع وحجز المكان عن طريق لينك هيبدأ قريب.,Parent app: booking opens soon,,
parent.reserve.bookingsSoonTitle,Booking on Link opens soon,الحجز على لينك هيفتح قريب,Parent app: booking opens soon,,
teacher.money.accountStatus.failed,Fix needed,محتاج تعديل,"Teacher app: Earnings (rent, payout account, payouts)",,
teacher.money.accountStatus.pending_verification,Link is checking it,لينك بتراجعه,"Teacher app: Earnings (rent, payout account, payouts)",,
teacher.money.accountStatus.verified,Verified,موثّق,"Teacher app: Earnings (rent, payout account, payouts)",,
teacher.money.accountTitle,Where we send your money,بنحوّل فلوسك فين,"Teacher app: Earnings (rent, payout account, payouts)",,
teacher.money.addAccount,Add payout account,ضيف حساب تحويل,"Teacher app: Earnings (rent, payout account, payouts)",,
teacher.money.changeAccount,Change account,غيّر الحساب,"Teacher app: Earnings (rent, payout account, payouts)",,
teacher.money.due,Due,مستحق,"Teacher app: Earnings (rent, payout account, payouts)",,
teacher.money.fawryRef,Pay at any Fawry outlet with code {ref} before {until}.,ادفع في أي منفذ فوري بالكود {ref} قبل {until}.,"Teacher app: Earnings (rent, payout account, payouts)",,
teacher.money.fixAccount,The last transfer to this account did not go through. Add the account again.,آخر تحويل للحساب ده ماوصلش. ضيف الحساب تاني.,"Teacher app: Earnings (rent, payout account, payouts)",,
teacher.money.historyTitle,Payouts,التحويلات,"Teacher app: Earnings (rent, payout account, payouts)",,
teacher.money.holder,Account holder name,اسم صاحب الحساب,"Teacher app: Earnings (rent, payout account, payouts)",,
teacher.money.iban,IBAN (starts with EG),رقم الآيبان (بيبدأ بـ EG),"Teacher app: Earnings (rent, payout account, payouts)",,
teacher.money.invalidIban,That IBAN is not right: EG and 27 digits.,رقم الآيبان مش صحيح: EG و٢٧ رقم.,"Teacher app: Earnings (rent, payout account, payouts)",,
teacher.money.invalidWallet,Enter the Egyptian mobile number of the wallet.,اكتب رقم الموبايل المصري بتاع المحفظة.,"Teacher app: Earnings (rent, payout account, payouts)",,
teacher.money.kind.bank,Bank account,حساب بنكي,"Teacher app: Earnings (rent, payout account, payouts)",,
teacher.money.kind.wallet,Wallet / InstaPay,محفظة / إنستاباي,"Teacher app: Earnings (rent, payout account, payouts)",,
teacher.money.noAccount,No payout account yet. Add one to be paid on Thursdays.,لسه مافيش حساب تحويل. ضيف حساب علشان تقبض يوم الخميس.,"Teacher app: Earnings (rent, payout account, payouts)",,
teacher.money.overdue,Late,متأخر,"Teacher app: Earnings (rent, payout account, payouts)",,
teacher.money.payCard,Pay by card,ادفع بالكارت,"Teacher app: Earnings (rent, payout account, payouts)",,
teacher.money.payFawry,Pay at Fawry,ادفع في فوري,"Teacher app: Earnings (rent, payout account, payouts)",,
teacher.money.paymentsOff,Paying through Link opens soon.,الدفع عن طريق لينك هيفتح قريب.,"Teacher app: Earnings (rent, payout account, payouts)",,
teacher.money.payoutStatus.failed,Bounced,رجع,"Teacher app: Earnings (rent, payout account, payouts)",,
teacher.money.payoutStatus.initiated,On its way,في الطريق,"Teacher app: Earnings (rent, payout account, payouts)",,
teacher.money.payoutStatus.settled,Sent,اتبعت,"Teacher app: Earnings (rent, payout account, payouts)",,
teacher.money.recheck,Link checks every new account before the next payout.,لينك بتراجع أي حساب جديد قبل التحويل الجاي.,"Teacher app: Earnings (rent, payout account, payouts)",,
teacher.money.rentDueLead,Your balance on the 1st did not cover the month's rent. Pay the rest within 5 days.,رصيدك يوم ١ ماكانش مكفي إيجار الشهر. ادفع الباقي خلال ٥ أيام.,"Teacher app: Earnings (rent, payout account, payouts)",,
teacher.money.rentDueTitle,Rent still to pay,إيجار لسه عليك,"Teacher app: Earnings (rent, payout account, payouts)",,
teacher.money.rentLine,Rent {rent} · already paid {paid} · by {date},الإيجار {rent} · اتدفع {paid} · قبل {date},"Teacher app: Earnings (rent, payout account, payouts)",,
teacher.money.saveAccount,Save account,احفظ الحساب,"Teacher app: Earnings (rent, payout account, payouts)",,
teacher.money.wallet,Wallet or InstaPay mobile number,رقم الموبايل للمحفظة أو إنستاباي,"Teacher app: Earnings (rent, payout account, payouts)",,
site.paymentDone.body,Link is confirming the payment with the bank. You can close this page and go back to the Link app: it shows the payment once it is confirmed.,لينك بتأكد الدفع مع البنك. تقدر تقفل الصفحة دي وترجع لتطبيق لينك: الدفع هيظهر فيه أول ما يتأكد.,Website: payment received,,
site.paymentDone.title,Thank you,شكرًا,Website: payment received,,
